{"cameraMode":{"drawMode":0,"name":"Shaded","section":"Shading Mode"},"sceneLighting":false,"audioPlay":false,"sceneViewState":{"m_AlwaysRefresh":false,"showFog":true,"showSkybox":false,"showFlares":true,"showImageEffects":true,"showParticleSystems":true,"showVisualEffectGraphs":true,"m_FxEnabled":true},"in2DMode":false,"pivot":{"x":0.4355539083480835,"y":0.38402628898620608,"z":0.40454673767089846},"rotation":{"x":-0.05727798864245415,"y":-0.003896380076184869,"z":0.00022365075710695237,"w":-0.9983521103858948},"size":5.032155990600586,"orthographic":false}