{"cameraMode":{"drawMode":0,"name":"Shaded","section":"Shading Mode"},"sceneLighting":false,"audioPlay":false,"sceneViewState":{"m_AlwaysRefresh":false,"showFog":true,"showSkybox":false,"showFlares":true,"showImageEffects":true,"showParticleSystems":true,"showVisualEffectGraphs":true,"m_FxEnabled":true},"in2DMode":false,"pivot":{"x":3.3846964836120607,"y":0.7902811765670776,"z":-10.27750015258789},"rotation":{"x":-0.06626099348068237,"y":0.0035899493377655746,"z":-0.00023566737945657223,"w":-0.997801661491394},"size":1.4996699094772339,"orthographic":false}